Date & Time,Usage,Generation,Net_Meter,Volt,Garage_E,Garage_W,Phase_A,Phase_B,Solar
2014-01-01,118.951702219,121.92750444800001,150.788577775,3.073502218,0.003752237,0.012817775,65.871734446,53.079967773999996,121.92750444800001
2014-01-02,158.081871113,0.940353335,159.022224442,47.952377774,0.049642225,0.045116664,84.38173111,73.700140004,0.940353335
2014-01-03,117.970751119,2.565496667,116.971474448,4.8157022220000005,0.005835549,0.016977781,66.721888885,51.248862224,2.565496667
2014-01-04,167.351729999,5.6153199990000005,163.138503329,58.024342225,0.060446666,0.051743335,88.070005554,79.281724448,5.6153199990000005
2014-01-05,132.846994446,32.461335558,117.527605561,4.056771119,0.004928888,0.013042225,75.03031333,57.816681115,32.461335558
2014-01-06,151.63128333,8.715908884,146.399647782,45.635306669,0.047243333,0.044053349,82.63089333399999,69.000389999,8.715908884
2014-01-07,139.269526666,166.876868892,270.074353336,45.691975559,0.047393327,0.043691116,67.345773338,71.923753335,166.876868892
2014-01-08,88.491797779,160.523573335,200.647442221,0.220782225,0.001088883,0.010366673,38.036806673,50.454991109,160.523573335
2014-01-09,121.129027779,155.243802222,197.791138896,0.21731999800000001,0.001024438,0.010859988,64.01476111,57.114266665,155.243802222
2014-01-10,141.71498667,9.810720001,135.631111115,57.737206668,0.059715557,0.052327766,74.493207777,67.22177888899999,9.810720001
2014-01-11,145.189536663,7.055131112,139.337969995,47.453355552,0.049293337,0.045720008,83.553776663,61.63576,7.055131112
2014-01-12,129.249460003,34.665780002,108.494828891,35.142219999,0.036475564,0.037073334,72.126895558,57.122564446,34.665780002
2014-01-13,175.485746669,128.122879997,200.501517779,46.679631107,0.048281112,0.045253327,96.682777779,78.80296889,128.122879997
2014-01-14,140.66526776999999,8.708753334,133.33037888799998,46.818888888,0.048013344,0.045573328,73.477758886,67.187508893,8.708753334
2014-01-15,149.800892221,151.99398889100001,235.15053889,46.601395553,0.048106674,0.045579999,82.998034446,66.802857774,151.99398889100001
2014-01-16,152.335862219,14.155433331,148.674897779,45.692951116,0.047165562,0.044722224,87.19422666999999,65.141635557,14.155433331
2014-01-17,135.711645555,130.939526661,231.733267776,46.193306668,0.047684449,0.044949996,69.809175558,65.902469998,130.939526661
2014-01-18,137.084780002,5.733146667,132.624046666,0.216322225,0.000814459,0.011940004,83.786676664,53.298103332,5.733146667
2014-01-19,116.098503334,45.347086668,110.47807666599999,0.219695559,0.0009466710000000001,0.016872236,65.605073332,50.493430006,45.347086668
2014-01-20,137.544772221,60.938646664000004,165.244996665,46.772000004,0.048330002,0.044757794000000004,72.64260222,64.902170005,60.938646664000004
2014-01-21,144.317631109,41.011753333,140.916564442,45.447053335,0.047015563,0.043617778,72.791263331,71.526367777,41.011753333
2014-01-22,92.28966110900001,107.753920001,169.802730006,0.221599998,0.001031107,0.010646665,41.465626661,50.824034445,107.753920001
2014-01-23,134.220895563,151.396100004,153.926660003,0.218368887,0.001019995,0.01045333,73.300996663,60.919898888,151.396100004
2014-01-24,135.429724441,181.576912219,274.75040111100003,46.399144443,0.048107776,0.04368666,68.838761107,66.590963338,181.576912219
2014-01-25,112.893781115,58.794417772,112.713343333,14.917673335,0.016000002,0.0204311,59.134251115,53.759530002,58.794417772
2014-01-26,157.417312222,41.997551112,130.968845551,26.095924439999997,0.027385556,0.028822211,80.09313111099999,77.324181107,41.997551112
2014-01-27,150.686411109,19.192782218,147.268342221,45.041124447,0.046801111,0.042862229,80.36975333,70.316657773,19.192782218
2014-01-28,131.595578888,142.50856000299999,241.965321105,46.090593332,0.047889999,0.043677772,59.137675555,72.457903337,142.50856000299999
2014-01-29,141.07036222,183.87174777799999,164.480783337,45.182784441,0.047441114,0.043294447,71.24746889000001,69.82289333199999,183.87174777799999
2014-01-30,179.957534448,188.781628891,251.358745554,45.768506664,0.047413345,0.043337786,92.859125555,87.098408889,188.781628891
2014-01-31,86.823728891,104.949097774,156.601775556,0.218968887,0.000658913,0.010506672,43.834444447,42.989284446,104.949097774
2014-02-01,82.016133334,124.410330001,159.290094443,0.211375554,0.000495552,0.010987778,47.459993338,34.556140003,124.410330001
2014-02-02,90.865255553,48.449331108,77.346820001,0.210484444,0.000463326,0.011017772,54.60128778,36.263967782,48.449331108
2014-02-03,115.203512225,6.186374443,110.677324445,46.058279999,0.047344451,0.043025547,60.243935555,54.959576665,6.186374443
2014-02-04,143.603924439,87.400011112,189.541682221,46.315231108,0.047727789,0.043994442,72.692281112,70.91164333500001,87.400011112
2014-02-05,117.118882224,0.924535553,118.043417783,0.222108885,0.000555564,0.011893328,67.712024446,49.406857776,0.924535553
2014-02-06,173.614577776,35.378845556,188.117456668,49.305862222,0.05088113,0.046022224,96.957861108,76.656716664,35.378845556
2014-02-07,135.537657777,194.286995554,296.141006663,46.280642223,0.047915558000000004,0.043876666,66.94099889,68.596658887,194.286995554
2014-02-08,127.59437111,140.945353335,197.946551113,30.240899997,0.031320017,0.032476664,66.067959997,61.526411114,140.945353335
2014-02-09,180.512947782,159.733917777,205.488061108,75.553820002,0.077576687,0.065149991,94.180657775,86.332289999,159.733917777
2014-02-10,135.133430004,157.026108887,264.645318888,46.161555561,0.047607795,0.043882228,65.424526665,69.708903333,157.026108887
2014-02-11,132.754179998,204.829448891,303.01820444599997,46.213335558,0.047886678,0.043855559,62.295492221,70.458687779,204.829448891
2014-02-12,134.452633336,195.854317779,272.306155554,45.733695553,0.047638895,0.043435557,64.187718894,70.264914439,195.854317779
2014-02-13,165.090084446,0.935688889,165.951484441,2.534339992,0.00321446,0.021995545,92.809737778,72.280346666,0.935688889
2014-02-14,132.826601112,4.221065552,129.875582221,46.617515555,0.048216684,0.04463778,71.756846673,61.069754444,4.221065552
2014-02-15,150.844223335,6.379698888,145.742131112,41.645528887,0.043158913,0.041736664,81.004696669,69.839526664,6.379698888
2014-02-16,127.550896664,62.608404438,131.453934444,3.904666664,0.004598906,0.012979978,70.37308555,57.177811113,62.608404438
2014-02-17,126.678433335,183.248691112,265.278913335,45.93501778,0.047752227,0.043618887,62.017937781,64.660495552,183.248691112
2014-02-18,157.847425559,8.592766669,150.472121115,47.038584448,0.048655573,0.044516655,82.595335554,75.252090004,8.592766669
2014-02-19,75.963161114,2.261135553,75.361087774,0.222222221,0.000868898,0.010605553,34.594152219,41.369008892,2.261135553
2014-02-20,86.892240003,148.411504447,187.924420002,0.212564446,0.000712237,0.01097221,50.159283328,36.732956669,148.411504447
2014-02-21,136.371243329,16.068944447,130.875769999,47.427126666999996,0.048925580999999996,0.045203335,78.219450004,58.151793331,16.068944447
2014-02-22,137.719948894,214.72497333,257.345093335,59.183639997,0.060835564,0.054393337,74.572021112,63.147927771,214.72497333
2014-02-23,139.55756,73.101217773,162.218384445,58.09632222,0.059376657,0.052759995000000004,70.991274449,68.566285552,73.101217773
2014-02-24,91.006396664,150.739774446,192.248271108,14.721144442,0.015377797,0.021615557,44.718586668,46.287809991,150.739774446
2014-02-25,148.499416666,90.387555557,173.165587779,46.766995558,0.048200013,0.044487771,79.968263336,68.531153332,90.387555557
2014-02-26,128.113621116,130.197513334,222.145001114,46.047593332,0.047428901,0.043953336,62.230398891,65.883222222,130.197513334
2014-02-27,126.80829556,130.799302217,220.783311107,45.960773328,0.047488903,0.043818883,60.17125778,66.63703778,130.799302217
2014-02-28,149.989112224,242.90864334,297.384839997,46.59654667,0.048311124,0.044058891,80.075907779,69.913204446,242.90864334
2014-03-01,162.348382221,184.277775558,201.819313332,47.194944447,0.048864459,0.044452225,88.26685222100001,74.081530003,184.277775558
2014-03-02,110.657886661,62.59726667,102.029155553,0.222686667,0.000505565,0.010863318,60.383555558,50.27433111,62.59726667
2014-03-03,139.980911118,86.002460001,166.890979998,47.478444435,0.048997796,0.044729985,72.361406664,67.619504441,86.002460001
2014-03-04,146.326113336,153.175128887,228.577046667,46.369820006,0.047828902,0.044163321,74.189929996,72.136183334,153.175128887
2014-03-05,137.511815565,67.385744444,167.917677777,45.7663,0.047335569,0.043849994,72.40135778,65.11045778,67.385744444
2014-03-06,167.601726671,251.00879556200002,284.710539999,46.481184445000004,0.048034455000000004,0.044579987,86.904587773,80.697138886,251.00879556200002
2014-03-07,123.821150003,232.52128222300001,313.352232225,45.632620003,0.047399998,0.043696659,59.400096669,64.42105333399999,232.52128222300001
2014-03-08,142.178115556,137.990437781,177.865077779,73.51852667,0.075173332,0.063684437,70.177095559,72.00102,137.990437781
2014-03-09,166.748901114,237.970947775,228.526766666,82.960097773,0.084714437,0.069958881,84.010917779,82.737983331,237.970947775
2014-03-10,121.89306555099999,65.97503888600001,157.610582228,46.075782224,0.047391124,0.043847769,60.688784445,61.204281110000004,65.97503888600001
2014-03-11,132.007859996,224.458526667,317.476106665,47.242466668,0.048457778,0.045442228,70.831752224,61.176107772,224.458526667
2014-03-12,121.226579999,25.912085557,123.103478885,45.491799996,0.046486644,0.044614442,61.649016659,59.577563332,25.912085557
2014-03-13,152.80343444,143.983263331,214.322408889,45.516351115,0.046804449,0.043986666,80.629922223,72.173512222,143.983263331
2014-03-14,122.304633332,136.165168888,214.333635555,46.470953337,0.04792557,0.044459996,59.587274444,62.717358888,136.165168888
2014-03-15,148.759959999,137.299861113,162.667576667,63.352482222,0.064912207,0.056833336,81.864015557,66.895944447,137.299861113
2014-03-16,122.208683341,251.866834447,238.373715553,3.935284445,0.004408894,0.013318894,65.173354441,57.03532889,251.866834447
2014-03-17,122.853924445,218.05767222,290.654476669,46.263920001,0.047830012,0.043748885,57.579205551,65.274718892,218.05767222
2014-03-18,125.39807000100001,257.93177333,332.562961111,51.397491113,0.052832234,0.047468891,60.388314445,65.009755556,257.93177333
2014-03-19,120.024334445,95.436042225,183.318345552,46.207617777,0.047306663,0.043996667,58.914693338,61.109641119,95.436042225
2014-03-20,164.182374448,117.784246675,194.815758892,46.665915558,0.047567763,0.044518882,91.119317778,73.063056669,117.784246675
2014-03-21,117.026291112,89.475791112,100.408842221,24.125388889,0.024534428,0.028192213,61.321460004,55.704831115,89.475791112
2014-03-22,109.874032222,185.025906671,212.741363334,27.141886667,0.027763323,0.029809992,54.158407778,55.715624442,185.025906671
2014-03-23,113.537097782,120.433748882,99.452079998,0.220168889,0.00030887600000000003,0.010727771,60.379644442,53.157453331,120.433748882
2014-03-24,125.368631118,274.756226666,355.370973335,46.982706665,0.048278889,0.044282235,60.135141113,65.233489998,274.756226666
2014-03-25,127.962197776,154.843010002,227.914816667,46.489108889,0.047586661,0.044063336,64.819200001,63.142997772,154.843010002
2014-03-26,69.587851112,149.69377333,164.307684444,0.222684444,0.000316648,0.010817774,32.590640003,36.997211116,149.69377333
2014-03-27,45.844237772,256.284272225,262.782754447,0.225177771,0.00054778,0.010298899,16.613828885,29.230408893,256.284272225
2014-03-28,42.405357779,34.237895557,43.272093332,0.223568892,0.000368857,0.010273337,17.065088893,25.340268887,34.237895557
2014-03-29,43.333405556,95.880647782,104.157148885,0.219868888,0.000328865,0.010624441,20.411133332,22.922272226,95.880647782
2014-03-30,37.125578888,46.547664446,52.884536668,0.219197778,0.000354422,0.011092229,17.031184441,20.09439445,46.547664446
2014-03-31,50.820284444,95.26285222599999,115.748207781,0.221275559,0.000396647,0.010804436,22.046536670000002,28.773747775,95.26285222599999
2014-04-01,36.59202778,244.248491115,247.254521113,0.221913334,0.000362209,0.010712211,16.547796667,20.044231111,244.248491115
2014-04-02,36.413698887,186.140534439,187.586059997,0.220017777,0.000356646,0.010743316,16.502184442,19.911514445,186.140534439
2014-04-03,36.556530001,242.769302223,245.312176673,0.220128887,0.000348868,0.010715551,16.462858891,20.09367111,242.769302223
2014-04-04,75.369504447,107.417714442,152.65976555,5.956502218,0.006095532,0.014504435999999999,40.17946222,35.190042224,107.417714442
2014-04-05,159.73456111,119.92567111,155.214847777,31.320986669,0.032016647,0.032977767,88.112766667,71.621794444,119.92567111
2014-04-06,135.84771889,271.248371106,265.189247778,30.71413333,0.031603341,0.031953332,70.474097781,65.373621115,271.248371106
2014-04-07,144.237595552,95.207497773,166.985175558,46.753304446,0.047514427,0.044708889,80.304917778,63.932677778,95.207497773
2014-04-08,137.289524445,68.847087775,138.938554442,46.763168893,0.047544429,0.045012227,76.207641114,61.081883329,68.847087775
2014-04-09,143.49907667,240.39253555599998,262.819225553,46.826408891,0.047795535,0.045216665,83.120504449,60.378572223,240.39253555599998
2014-04-10,144.189713329,274.335303333,281.211054448,46.504364441,0.047354426,0.044605545,83.578923331,60.610789997,274.335303333
2014-04-11,141.033462223,120.248406661,205.651742219,46.597724447,0.047637758,0.045343335,79.03868555,61.994776671,120.248406661
2014-04-12,159.685940002,257.978962222,242.858757776,33.9879,0.034669981,0.036554445,95.329079999,64.356860001,257.978962222
2014-04-13,132.373312223,133.137795557,147.284692221,23.840262216,0.024356647,0.028637782,75.958082228,56.415229999000005,133.137795557
2014-04-14,129.697517773,153.939384442,225.861637777,51.91486444,0.052965532,0.049418886,73.819683331,55.877834448,153.939384442
2014-04-15,145.889627776,23.143017779,125.462829997,47.191799992,0.048128861,0.046229989,85.354963334,60.534664446,23.143017779
2014-04-16,163.791364443,220.218409999,272.527109999,46.355522229,0.047337757,0.044307775,95.564744444,68.226620004,220.218409999
2014-04-17,142.91001,270.325468892,308.320445558,46.475202222,0.047246646,0.044915555,78.91090889,63.999101107,270.325468892
2014-04-18,165.06586111,153.541387781,181.901595552,46.903219996,0.047854428,0.044516657,93.449575561,71.616285559,153.541387781
2014-04-19,190.308938893,266.756162224,273.352310001,83.347604449,0.08598665,0.198325549,103.117960002,87.190978887,266.756162224
2014-04-20,136.494436666,110.318223335,162.503042227,25.421102222000002,0.026299987,0.127182224,73.207513334,63.286923332,110.318223335
2014-04-21,143.78444333299998,415.86780889,415.484894446,47.654824445,0.048737764,0.060229995,84.129525557,59.654917775,415.86780889
2014-04-22,182.100946666,144.24305,196.700821112,46.974924444,0.047973305,0.059332221,113.84420222600001,68.256744445,144.24305
2014-04-23,94.767433333,61.403672223,92.583212225,0.202308888,0.00036885900000000003,0.033981113,59.631431113,35.136002225,61.403672223
2014-04-24,146.226899999,285.675280004,320.118593334,47.829104441,0.048987765,0.060596663,79.796739999,66.430159999,285.675280004
2014-04-25,155.895164442,234.563644442,292.658497783,47.578173335,0.048721099,0.059733333,89.517260002,66.377904446,234.563644442
2014-04-26,180.069750004,81.319278886,165.669784443,38.914782221,0.039852197,0.055063329,105.786552224,74.283197776,81.319278886
2014-04-27,109.741660005,104.245155561,118.238626663,0.208468891,0.000373303,0.033671107,70.441298888,39.300361109,104.245155561
2014-04-28,159.801104447,258.677583333,293.149354443,47.116557779,0.048334429,0.05961666,97.626484445,62.174619997,258.677583333
2014-04-29,179.824586668,78.132780003,154.578177773,46.08277556,0.046905528,0.058654449,107.997148893,71.82743777900001,78.132780003
2014-04-30,166.767426667,30.562497781,139.384917778,46.805633334,0.047849973,0.059517779,102.452575556,64.314851111,30.562497781
2014-05-01,154.229585549,137.020424443,206.255876671,46.742073336,0.047947757,0.059638888,86.28847667,67.941108889,137.020424443
2014-05-02,151.119311106,141.791024447,196.900959998,47.070313331,0.048162197,0.060260001,88.98210555600001,62.137205559,141.791024447
2014-05-03,126.977262227,121.350802221,131.308986662,39.657062223,0.040566638,0.056254438,75.587071107,51.390191111,121.350802221
2014-05-04,113.024683336,184.162213331,162.276703335,0.20349334,0.000325525,0.034131119,69.256663331,43.768019998,184.162213331
2014-05-05,160.33959444,204.862368887,260.251032224,52.025211106,0.053167752,0.063053334,94.065845555,66.273748888,204.862368887
2014-05-06,110.199983331,194.103966669,191.496303331,0.198166665,0.000338859,0.033953331,71.48144667,38.718536665,194.103966669
2014-05-07,83.718648893,229.615026667,229.099424448,0.19521111,0.00034997100000000003,0.034367782,50.606087778,33.112561113,229.615026667
2014-05-08,72.642202221,170.00272556,163.93197444199998,0.194951117,0.000324415,0.033807774,45.345965557,27.29623667,170.00272556
2014-05-09,181.850357782,23.910664442,168.713888891,93.946833335,0.096155531,0.086431109,103.547877778,78.302480003,23.910664442
2014-05-10,157.810294445,155.061588889,144.225827781,48.041940002,0.049554422,0.059924455,98.347521107,59.462773335,155.061588889
2014-05-11,96.78010111100001,268.221040001,234.530090001,0.200848891,0.000473328,0.034314451,59.472054445,37.308046665,268.221040001
2014-05-12,168.72442222,247.844888889,308.610457775,49.207895554,0.050468879,0.061057783,91.312650003,77.411772217,247.844888889
2014-05-13,94.983798887,153.86277333,179.139758889,0.195064445,0.000417754,0.034877769,57.565293338,37.418505552,153.86277333
2014-05-14,71.12678444,175.706193329,162.203091111,0.192208888,0.000413312,0.034733326,45.02054889,26.106235553,175.706193329
2014-05-15,146.184603334,70.239522218,116.287610003,50.291164443999996,0.051607756,0.062230002,89.405966668,56.778636664000004,70.239522218
2014-05-16,168.560452224,43.630713336,136.958394444,47.58465333,0.04884887,0.06123666,100.340389999,68.220062221,43.630713336
2014-05-17,142.011032224,266.035845554,255.338086671,48.218113335,0.049328877,0.062380002000000004,80.552088889,61.458943334,266.035845554
2014-05-18,128.774159999,250.416746661,243.32154889,34.823188891,0.036092202000000004,0.182380003,80.301212224,48.472947773,250.416746661
2014-05-19,198.405954448,208.502795558,239.469334444,61.607333329999996,0.063215532,0.067435559,118.798974443,79.60698,208.502795558
2014-05-20,155.14305556,258.605951111,321.625642224,49.352593332,0.05112444,0.17712,87.256309998,67.886745558,258.605951111
2014-05-21,143.351392224,253.892017779,299.453296672,49.097168884,0.050442222,0.061767774,78.591064444,64.760327776,253.892017779
2014-05-22,167.674646668,37.075337774,134.842560003,47.566999998,0.048694417999999996,0.061206665,106.916425558,60.758221112,37.075337774
2014-05-23,140.239303334,90.29955334,160.980189999,46.642428888,0.04770664,0.05988,81.249216671,58.990086671,90.29955334
2014-05-24,140.392747784,130.14892667,134.936765557,50.234442223,0.051396639,0.060948887,83.772597776,56.620150001,130.14892667
2014-05-25,126.865154443,229.04638889,293.87531,0.200926665,0.000377757,0.03449,77.713666668,49.151487779,229.04638889
2014-05-26,160.363107779,104.051315557,143.649309998,36.07391778,0.037143318,0.054119996000000004,89.39563110899999,70.967476665,104.051315557
2014-05-27,117.913756668,146.077173335,164.150609992,0.194940001,0.000478888,0.03522778,69.461575552,48.452181112,146.077173335
2014-05-28,95.707516668,46.940331109,78.203585553,18.76555778,0.019262196,0.045071102,59.731217778,35.976298889,46.940331109
2014-05-29,180.018672223,255.515824446,305.238349998,75.584424445,0.812762209,0.076242223,102.194822221,77.823850002,255.515824446
2014-05-30,101.835190002,165.14389110599998,199.602663332,20.191415551,0.020461095,0.044953323,60.963845554,40.871344446,165.14389110599998
2014-05-31,120.600064446,200.554346667,214.234182228,38.376693329,0.038604429,0.054543331,73.112646668,47.487417777,200.554346667
2014-06-01,147.962675557,253.429322216,205.148704448,40.321104442,0.041325545,0.131220003,82.437963329,65.52471221500001,253.429322216
2014-06-02,177.097194442,255.09490666599999,329.653154443,49.998846668,0.051020004,0.061602221,96.073903336,81.023291111,255.09490666599999
2014-06-03,182.450302222,235.679108888,280.783835551,50.449446667000004,0.05158667,0.061756666,96.177843333,86.272458892,235.679108888
2014-06-04,164.739600004,150.096080005,211.192055558,49.134377775,0.050058904,0.061148885,92.478148887,72.261451113,150.096080005
2014-06-05,147.312258887,97.4777,162.736432224,48.709368888,0.049414438,0.061308887,85.482041113,61.830217779,97.4777
2014-06-06,169.201724444,153.750244445,195.708228886,48.633915558,0.049283331,0.060853331000000004,99.694512225,69.50721222,153.750244445
2014-06-07,119.729725557,216.325715561,221.991376666,0.199893331,0.001000002,0.123537778,66.41944334,53.310282226,216.325715561
2014-06-08,143.292524446,232.324502221,222.162628885,14.896497774,0.015598879,0.076701107,76.993801112,66.298723333,232.324502221
2014-06-09,150.488132224,78.86026889200001,147.368454441,47.833059997,0.048639985000000004,0.059573332,84.316014447,66.172117776,78.86026889200001
2014-06-10,189.716273332,159.946928884,253.718460001,44.390464449,0.045199988999999996,0.060190006,106.276193335,83.440080001,159.946928884
2014-06-11,156.628517786,71.354424448,149.645339998,51.470251112,0.052613333,0.062185557,92.549494444,64.079023328,71.354424448
2014-06-12,146.955759998,30.579853334,119.174333329,47.891833332,0.048707757,0.06184444,88.246837783,58.708922225,30.579853334
2014-06-13,133.660267777,34.605775554,122.175327779,48.280939996,0.049331109,0.061083321,80.465886662,53.194381109,34.605775554
2014-06-14,87.511778884,204.58201778,176.005283332,0.196615554,0.001197804,0.16360666100000001,49.430944441,38.080834447,204.58201778
2014-06-15,93.42078222800001,253.405828885,221.644179998,0.197668882,0.000489997,0.034874437,52.439302218,40.981479997,253.405828885
2014-06-16,153.597452216,250.403843332,292.716082213,49.76210222,0.05074,0.062589997,76.742642224,76.854810003,250.403843332
2014-06-17,181.931681111,231.039288887,275.469463336,50.114784445,0.050981115,0.063236669,95.449991115,86.481689998,231.039288887
2014-06-18,167.538821111,214.013386664,219.421294438,0.19049555399999998,0.0006289010000000001,0.034968892,89.923231108,77.615589998,214.013386664
2014-06-19,166.491776666,200.880188889,245.903889998,49.308648891,0.050464463,0.062202222,86.542071113,79.949705557,200.880188889
2014-06-20,113.710582223,241.623431112,260.675311108,36.655617778,0.037461121,0.053405549000000004,67.845590001,45.864992223,241.623431112
2014-06-21,100.487193335,229.886695556,203.739831115,0.199808885,0.000464436,0.034450001,62.646556667,37.84063667,229.886695556
2014-06-22,112.514955558,180.18126667,153.988486666,0.197728888,0.001084434,0.16897,65.083190002,47.431765554,180.18126667
2014-06-23,180.25863778,235.238284439,245.005771106,49.088597777000004,0.049962218,0.061213336,98.811552221,81.447085554,235.238284439
2014-06-24,155.513187779,148.780311113,196.45587444,50.185402225,0.051414458,0.061558897,80.50294111,75.010246675,148.780311113
2014-06-25,146.706492223,197.537235557,207.908267775,0.192895554,0.000531112,0.03457334,82.356093337,64.350398892,197.537235557
2014-06-26,125.679345558,153.074695553,176.537323335,0.189077774,0.000533341,0.034953342,66.450077779,59.229267776,153.074695553
2014-06-27,145.402398889,250.80466889000002,264.07940777700003,28.101517781,0.028727784,0.050499995,75.584933337,69.81746555,250.80466889000002
2014-06-28,176.850148892,234.991502228,285.164473331,53.686193335,0.055546657,0.142862217,94.26395889,82.586190004,234.991502228
2014-06-29,194.538093333,235.253379997,205.464202224,52.304697779,0.053742226,0.06303333,99.275744444,95.262348882,235.253379997
2014-06-30,168.756028888,207.664588885,203.038397778,0.19037110599999998,0.000604465,0.03441556,92.762211114,75.993817777,207.664588885
2014-07-01,187.869568892,212.955764443,267.472522222,51.475066663999996,0.052986674,0.063743334,91.887743335,95.981825554,212.955764443
2014-07-02,196.552307776,152.106397776,235.05399,48.290362223,0.049850013,0.061066672,100.930134444,95.622173334,152.106397776
2014-07-03,223.713047774,169.489693333,236.056647777,51.641628888,0.053362237,0.06251,117.489185558,106.223862225,169.489693333
2014-07-04,109.618966664,51.354805559,91.311561107,1.462773332,0.001765562,0.034660009,66.318104439,43.300862219,51.354805559
2014-07-05,101.403574443,206.881521109,204.23420889,8.789979998,0.009686659,0.154302228,61.905884442,39.497689998,206.881521109
2014-07-06,99.134153338,212.151011107,227.973808887,0.196004443,0.000519989,0.100807776,52.470605553,46.663547776,212.151011107
2014-07-07,158.395126666,164.75719,201.500087773,0.190304442,0.000268873,0.034975562,86.092172223,72.302954448,164.75719
2014-07-08,168.468314447,143.434142218,181.915807776,29.105731109,0.029676651,0.051526664,88.03994333,80.428371109,143.434142218
2014-07-09,207.02332667,184.107122221,271.331477777,71.038993335,0.073149993,0.073511127,103.683074442,103.340252225,184.107122221
2014-07-10,209.258648891,193.998280001,275.84347111,48.882000004,0.049915549000000003,0.062466671,112.474411112,96.784237782,193.998280001
2014-07-11,47.831125555,201.172528887,208.062945555,0.197302227,0.000203313,0.034855553,22.906274445,24.924851108,201.172528887
2014-07-12,36.193497779,188.891509997,184.220196666,0.197268886,0.00018887100000000002,0.034991111,17.230913335,18.96258444,188.891509997
2014-07-13,41.756708892,125.161405554,120.274978885,0.196757778,0.000197758,0.035256673,19.173825561,22.58288333,125.161405554
2014-07-14,47.031856669,115.036224441,108.688423335,0.197977775,0.00023553500000000001,0.035198893,21.317776666,25.714079999,115.036224441
2014-07-15,46.69758,108.104451113,107.048604442,0.197473338,0.000238866,0.035411112,21.463351111,25.234228888,108.104451113
2014-07-16,40.428999997,106.314395558,104.048246669,0.196902223,0.000234422,0.035163335,19.04088889,21.388111112,106.314395558
2014-07-17,36.147031112,181.449002225,176.203044446,0.196819998,0.000241089,0.035066668,17.130684446,19.016346665,181.449002225
2014-07-18,36.736422221,201.265491109,195.659824441,0.196711107,0.000236645,0.035144453,17.523146662,19.213275555,201.265491109
2014-07-19,101.46287778,92.554827776,147.009316668,26.341595558,0.026896651,0.048635553,50.609412226,50.853465557,92.554827776
2014-07-20,136.189962226,164.788923333,145.461927778,0.195784443,0.000559989,0.104577778,75.61948889199999,60.57047333,164.788923333
2014-07-21,173.183618882,201.76848999999999,249.202253327,35.272526662000004,0.036026648,0.054926666,93.481154448,79.702464444,201.76848999999999
2014-07-22,204.408032223,192.285406669,244.161721113,62.038715553,0.063751115,0.068817775,100.523117781,103.884914443,192.285406669
2014-07-23,208.361699999,172.801459999,246.815815554,51.745091114,0.053741113,0.062342216,105.642221113,102.719478887,172.801459999
2014-07-24,129.19306,168.611328888,201.70339333,34.321315556,0.035124433,0.054675559,60.455904441,68.737155553,168.611328888
2014-07-25,165.483351106,192.438309999,259.92239222,65.569782217,0.067421102,0.071567785,86.583704443,78.899646669,192.438309999
2014-07-26,117.220750001,157.761961115,147.233420001,0.195193334,0.000146652,0.026351108,64.409958887,52.810791114,157.761961115
2014-07-27,104.126806671,104.538771112,109.30981999800001,0.195357781,7.4437e-05,0.014362223,58.358359997,45.768446667,104.538771112
2014-07-28,120.370372221,117.790705554,151.346951106,0.187799995,0.000127765,0.01392333,68.760660002,51.609712219,117.790705554
2014-07-29,96.706240001,183.607301112,176.20561222199998,0.185657777,8.5547e-05,0.014545564,56.658267777,40.047972217,183.607301112
2014-07-30,156.893876668,171.270912216,228.448846662,47.837948886,0.04858666,0.04909667,91.134431113,65.759445551,171.270912216
2014-07-31,140.657899998,148.120293332,167.476704447,27.24428222,0.027833326999999998,0.033161114,75.726394445,64.931505554,148.120293332
2014-08-01,161.371637778,127.648391113,185.373035552,50.095893334,0.051055547,0.049927782,90.09060778,71.281029994,127.648391113
2014-08-02,97.306767774,87.870327777,99.095573333,0.197753327,5.6661000000000005e-05,0.013946668,60.275506666,37.031261113,87.870327777
2014-08-03,139.82471778000001,137.558181108,137.52442111,5.123188891,0.005608882,0.106841111,78.989693333,60.835024446,137.558181108
2014-08-04,162.565138891,150.631243332,205.964468891,47.879846666,0.048817769,0.062073335,83.149273332,79.415865552,150.631243332
2014-08-05,149.123772218,180.548001114,194.414077779,26.709842226,0.027425541,0.049693337,77.212627774,71.911144446,180.548001114
2014-08-06,181.827162221,167.124979995,257.612355556,73.877146668,0.075915547,0.075824447,93.988581112,87.838581116,167.124979995
2014-08-07,128.791547777,152.014822222,198.10997222700001,47.229504442,0.048194426,0.061174440999999996,76.000042217,52.791505558000004,152.014822222
2014-08-08,153.699785555,168.248181111,212.911964452,49.965542225,0.051084427,0.063307773,82.40389333,71.295892229,168.248181111
2014-08-09,118.496027773,167.654713335,168.864023332,5.47803333,0.872622208,0.160831117,63.585317776,54.91071,167.654713335
2014-08-10,91.102503331,193.999853338,195.481376668,0.19598444099999998,0.000237758,0.03450778,46.247668883,44.854834439,193.999853338
2014-08-11,150.343895557,164.312569997,227.119563335,40.860464444,0.041179989,0.058996664,80.689554443,69.654341109,164.312569997
2014-08-12,101.938504444,95.186328881,116.867271109,7.79894889,0.008777771,0.166498891,55.019938894,46.918565557,95.186328881
2014-08-13,127.73689778,33.539535556,105.366855552,40.381355559,0.040579982,0.058683335999999996,72.912855553,54.82404222,33.539535556
2014-08-14,145.890631118,173.287975553,224.72831111,56.033480003,0.056804432,0.066245555,82.028441113,63.862190003,173.287975553
2014-08-15,113.857953333,84.679988887,131.282453334,48.406037775,0.048684427,0.062144446,60.991579996,52.866373338,84.679988887
2014-08-16,110.055947778,190.284722225,221.985016665,25.482813328,0.026202208,0.104786666,63.379365561,46.67658222,190.284722225
2014-08-17,90.172104441,159.02948555700002,169.240994443,0.196026668,0.00016665,0.034645552,47.689891113,42.482213337,159.02948555700002
2014-08-18,121.41546777399999,213.92109111,234.66471889000002,34.985046668,0.035102206,0.055032224,74.455639997,46.959827774,213.92109111
2014-08-19,133.981324449,230.787416668,269.443307778,62.667271112,0.063368873,0.07026222,73.703348884,60.277975559,230.787416668
2014-08-20,153.700704444,214.197312223,284.583421111,50.625453332,0.05116776,0.063817781,81.704816669,71.995887778,214.197312223
2014-08-21,143.51918778,67.037245563,144.730982219,40.295908886999996,0.040456653,0.058639994,82.384686666,61.134501115,67.037245563
2014-08-22,123.032071108,43.969802219,127.942091111,54.761142217999996,0.055267763,0.064120005,66.287197785,56.744873336,43.969802219
2014-08-23,110.531555559,120.49513333200001,115.425777774,28.016913334,0.028222209,0.050229999,66.611494442,43.920061111,120.49513333200001
2014-08-24,142.404688895,201.285705548,174.82184778,50.507828893,0.051438878,0.128837772,73.148934437,69.25575444500001,201.285705548
2014-08-25,133.446433335,219.402969997,263.161905556,34.707491109,0.035041096,0.055051115,70.32851333400001,63.117919999,219.402969997
2014-08-26,180.20098889,213.871617775,268.483595554,62.676431104,0.063834438,0.070212228,94.03448444200001,86.166504448,213.871617775
2014-08-27,173.585176665,162.496346663,238.365229999,50.125197775,0.051001107,0.06357666,89.196958889,84.388217778,162.496346663
2014-08-28,180.738162222,193.822780001,247.960606666,44.067702221,0.044407761,0.060514441,102.121053335,78.617108891,193.822780001
2014-08-29,43.705794443,212.981938889,220.684855559,3.1663155549999997,0.0032155369999999996,0.035525555,21.872465557,21.833328892,212.981938889
2014-08-30,34.82180667,171.955817774,171.802208882,0.197144445,0.000154429,0.034223333,17.403725552,17.41808111,171.955817774
2014-08-31,35.468591109,71.505978889,73.55216111200001,0.198155561,0.000185537,0.034699998,17.882962218,17.58562889,71.505978889
2014-09-01,107.671531114,196.379493331,237.465762217,0.197708886,0.0009611,0.131652223,49.101127775,58.570403336,196.379493331
2014-09-02,137.001275554,147.382033336,168.17753333299999,0.189013334,0.000443332,0.035055557,71.570244443,65.431031115,147.382033336
2014-09-03,132.117594445,206.756703332,217.576251114,22.422328888000003,0.022698876,0.047868889,67.957097781,64.160496665,206.756703332
2014-09-04,169.500898888,215.000665549,292.734824446,73.347639997,0.074428882,0.076794443,89.025236664,80.475662223,215.000665549
2014-09-05,171.392286663,197.879352222,221.424909999,31.908344442,0.032389989,0.052856667,90.849081109,80.543205556,197.879352222
2014-09-06,175.826754447,143.464515554,202.249521111,45.628355556,0.046581092,0.059792223,93.452301113,82.374453332,143.464515554
2014-09-07,146.02626000200001,192.231832225,261.220247776,47.84302889,0.048392206,0.062427782,80.114175555,65.912084444,192.231832225
2014-09-08,109.891863331,186.932382227,242.975267777,38.621306667,0.038862207,0.057926671,60.957858887,48.934004445,186.932382227
2014-09-09,121.771684445,132.315452222,175.912603332,48.747171108,0.048967766,0.064060006,69.265988888,52.505695557,132.315452222
2014-09-10,135.039549995,136.712404442,219.477010003,54.748266667,0.055298874,0.06626223,75.81998888700001,59.219561107,136.712404442
2014-09-11,136.435913332,32.884880004,108.299802223,48.711335551,0.049192214,0.063272229,81.202818893,55.23309444,32.884880004
2014-09-12,142.0011,217.072253334,225.816017778,39.620884443,0.039714429,0.057398895,86.154958893,55.846141111,217.072253334
2014-09-13,72.291003334,57.191638893,89.79060888400001,14.200442226,0.014376651,0.042354448,41.22383667,31.067166664,57.191638893
2014-09-14,122.116500001,222.03985111,267.100855552,47.119575557,0.047361095,0.061574442,70.403329999,51.713169996,222.03985111
2014-09-15,112.608792217,213.20016999999999,252.659920001,46.683706668,0.046752204,0.062098883,62.077992224,50.530799999,213.20016999999999
2014-09-16,119.026572223,72.734812224,146.542768889,47.472106675,0.047633319,0.062807778,68.387690001,50.638882219,72.734812224
2014-09-17,127.043479997,192.212552224,248.116183332,48.13542222,0.048361093,0.062435554,70.063102222,56.980377773,192.212552224
2014-09-18,109.600865556,130.205462216,182.97087889,47.186144445,0.047673315,0.061540003,61.481827778,48.119037778,130.205462216
2014-09-19,124.426066668,221.247821112,262.25363667,42.351315555,0.04197665,0.059541104,71.29147667,53.134589998,221.247821112
2014-09-20,106.153778887,94.446022224,114.674132222,35.333686668,0.035388865,0.053555554,64.488785556,41.664993335,94.446022224
2014-09-21,56.219618888,71.226110004,95.906697775,0.199308892,0.00020886800000000002,0.034206669,32.460261109,23.759357778,71.226110004
2014-09-22,119.378457774,201.187177779,262.355180002,47.438326662,0.047714426,0.060892225,66.275708888,53.102748887,201.187177779
2014-09-23,88.615597773,208.606315558,212.553197776,0.192760002,0.000195536,0.033721113,54.347002224,34.268595553,208.606315558
2014-09-24,88.312171107,155.795562222,172.726104446,0.190615555,0.000183318,0.035765557,51.033770002,37.278401107,155.795562222
2014-09-25,104.928839997,61.911554447,113.35706333,38.796686664,0.038857763,0.057222215,61.88824778,43.040592219,61.911554447
2014-09-26,131.494534442,199.022366661,268.940616662,37.646855552,0.037894428,0.056117775,73.199458889,58.295075556,199.022366661
2014-09-27,157.976168885,193.784022226,159.39910666,73.341302221,0.07415443199999999,0.075332224,86.565734443,71.410434441,193.784022226
2014-09-28,131.006784447,181.876441109,227.31289,47.678755553,0.048079984,0.061651115,77.836503336,53.170281114,181.876441109
2014-09-29,123.654311112,101.736075553,174.743044446,36.869742224,0.037231092,0.055719997,72.05162777700001,51.602683334,101.736075553
2014-09-30,154.808533329,25.574652222,136.23664333,58.491733335999996,0.05930221,0.067454445,87.023063331,67.785469997,25.574652222
2014-10-01,135.579145556,21.751472224,126.44872667,47.951426669,0.048647749,0.061274443,77.67902222,57.900123327,21.751472224
2014-10-02,134.226425557,51.697160001,140.439732225,47.618733334,0.048353309,0.061524446,75.729876669,58.496548888,51.697160001
2014-10-03,110.24098778,175.83409444,243.497788889,31.641468884,0.031963315,0.052744443,61.638788888,48.602198888000004,175.83409444
2014-10-04,105.606058889,10.230257778,96.292134446,15.626906662000001,0.016027755,0.042707774999999996,58.759061113,46.84699778,10.230257778
2014-10-05,103.288012228,199.60380333,179.123506664,0.19862222,0.001015554,0.212508888,49.023659999,54.264352219,199.60380333
2014-10-06,140.011191115,172.838556664,248.746114447,45.582240002,0.046622244,0.197071111,63.679900005,76.33129111,172.838556664
2014-10-07,129.823387777,89.66111889,186.382055556,47.715066664,0.048914465,0.178746666,64.963135558,64.860252225,89.66111889
2014-10-08,81.494931109,121.831986667,143.698082224,1.09444,0.001594469,0.149707778,45.264815558,36.23011555,121.831986667
2014-10-09,28.006834442,174.630825553,177.736073336,0.188175555,0.000553352,0.146614449,11.782862223,16.22397222,174.630825553
2014-10-10,27.341864444,184.859881109,187.91473889,0.189606671,0.000541127,0.145926656,11.834533331,15.507331113,184.859881109
2014-10-11,28.230027778,71.003828889,77.856249998,0.191324447,0.00053447,0.146531114,12.38570889,15.844318888,71.003828889
2014-10-12,29.788074446,179.83231000199999,184.786253331,0.19129778,0.000567804,0.146433336,12.004555551,17.783518889,179.83231000199999
2014-10-13,30.278109993,38.645938885,45.283582222,0.192626666,0.000565586,0.147711114,12.576008891,17.702101108,38.645938885
2014-10-14,26.860071112,76.32042,80.923637775,0.191533334,0.000542247,0.147524445,11.890219999,14.969851113,76.32042
2014-10-15,203.562722222,61.141108893,202.388608892,94.88439111,0.096024463,0.132526662,106.085805554,97.476916664,61.141108893
2014-10-16,134.20412111,23.96161556,113.98259667,29.768535555,18.750791131,0.12314667,83.664557778,50.53956333,23.96161556
2014-10-17,104.850088893,156.265201108,205.909570001,30.994953333999998,0.031514468000000004,0.143207783,54.813624441,50.036464444,156.265201108
2014-10-18,138.147324449,41.201593331,125.134097771,61.896802221,0.062336691,0.134256665,74.059021111,64.088303333,41.201593331
2014-10-19,148.94939889,94.613156663,171.898726668,46.390884446,0.046460018,0.137502218,76.861613334,72.087785557,94.613156663
2014-10-20,142.065483335,139.37626444,205.975690001,33.817208895,0.033948898,0.142335558,69.061629999,73.003853331,139.37626444
2014-10-21,104.696267775,78.215754443,128.601957778,12.305820003000001,0.01259779,0.143801114,52.657935554,52.038332217,78.215754443
2014-10-22,130.21767111,12.968507782,118.823485555,37.998999999,0.037994459,0.142454445,68.771716668,61.445954443,12.968507782
2014-10-23,166.054188891,23.457572221,144.736918888,56.176544443,0.056110028,0.136975559,82.331880001,83.722308886,23.457572221
2014-10-24,108.7442,69.065506668,111.884655558,0.193286666,0.000550027,0.147184439,57.070768891,51.673431114,69.065506668
2014-10-25,157.995127781,154.052658886,224.90633777600002,49.84143333,0.049916683999999996,0.139333335,83.240717777,74.754410001,154.052658886
2014-10-26,102.169652225,55.922000001,91.69579445,0.201591109,0.000537802,0.14576777900000001,49.950836665000004,52.218815554,55.922000001
2014-10-27,135.122076667,172.838470003,227.74142889,47.466282224,0.047841131,0.139181113,67.380157774,67.74191889,172.838470003
2014-10-28,131.635157774,117.062666665,201.653955553,46.574431112,0.046806673,0.139053326,66.88001889,64.755138884,117.062666665
2014-10-29,131.754278894,26.91284222,129.941354443,46.821142223,0.046813345,0.139365555,68.830811109,62.923467777,26.91284222
2014-10-30,119.633441114,101.539598889,173.213148888,47.242153332,0.047286688,0.139359999,56.081098891,63.552342224,101.539598889
2014-10-31,130.791144446,58.870883331,144.220907779,46.772177782,0.046863359,0.140443331,64.466736668,66.32440777400001,58.870883331
2014-11-01,135.512824444,19.417257774,119.511668889,29.75461111,0.029900028000000002,0.14259333800000001,72.231184439,63.281639999999996,19.417257774
2014-11-02,149.245906664,92.999855553,144.071737778,60.995097778,0.061614464,0.249323335,68.95338777799999,80.29251889,92.999855553
2014-11-03,128.75381333,178.54110666100001,260.74562889,42.378411114,0.042617801,0.14293667,63.114661107,65.639152228,178.54110666100001
2014-11-04,79.532522219,117.494138883,146.35108777599999,4.6087600029999995,0.00498336,0.14608889,40.286792227,39.24573,117.494138883
2014-11-05,119.483717775,47.005604445,132.663017776,38.943020004,0.039103354,0.142306665,59.696076665,59.787641108,47.005604445
2014-11-06,133.474937777,10.491553336,126.611973332,55.390728888,0.055458912,0.137958884,63.502031114,69.972906667,10.491553336
2014-11-07,126.530531109,69.427746664,132.730368889,31.96406889,0.03216892,0.143811113,67.378383333,59.152147778,69.427746664
2014-11-08,150.845964444,164.31651556,192.250233336,68.488875555,0.068473335,0.108255556,73.519008893,77.326955555,164.31651556
2014-11-09,104.418713336,84.666171104,145.46765778,0.204935557,0.00033219200000000003,0.034056659,56.942092226,47.476621114000004,84.666171104
2014-11-10,132.331538891,124.076161113,201.27268889,46.326502219,0.046232206,0.06115444,67.200427779,65.131111112,124.076161113
2014-11-11,143.163906662,51.487212217,134.98399,46.748200005,0.046664419,0.061504446,73.231977781,69.931928889,51.487212217
2014-11-12,133.998648893,56.514657779,142.688475556,46.519019998,0.046434424,0.062426668,76.502707778,57.495941115,56.514657779
2014-11-13,140.550643333,119.94968,187.336243327,46.70404667,0.046542199,0.062207776,73.040821112,67.509822219,119.94968
2014-11-14,125.365161106,135.517338889,196.563942226,29.305671111,0.029245536,0.051832238,59.806826665,65.558334445,135.517338889
2014-11-15,115.65897111,163.754772225,217.74892111,17.103475556,0.017192206,0.043294441,51.338745558,64.320225556,163.754772225
2014-11-16,83.177484443,44.184075557,86.18380444900001,0.210837772,0.00041998000000000003,0.025047785,31.204075557,51.973408888,44.184075557
2014-11-17,137.109996668,7.12680444,131.175907778,40.613855549,0.040419972,0.042254443,66.92892889,70.181067779,7.12680444
2014-11-18,102.470065554,113.54715222200001,169.781622218,5.556440005,0.00571886,0.015363339,45.284076666,57.18598889,113.54715222200001
2014-11-19,135.572498892,163.081870004,251.27450666800001,41.464628891000004,0.041297769,0.042335551,59.913715557,75.658783336,163.081870004
2014-11-20,131.12752333,137.363117778,229.275761113,41.918051106,0.041791099,0.042705568,59.999635557,71.127887776,137.363117778
2014-11-21,149.524193333,131.135266667,236.476404446,56.363757781,0.056305546,0.053318891,65.581244443,83.942948887,131.135266667
2014-11-22,100.249867777,105.155455557,160.69384333,7.970691112,0.00817332,0.016608886,39.490355558,60.759512224,105.155455557
2014-11-23,100.945520001,100.651963336,120.575169998,1.409233334,0.0020966450000000003,0.137263343,45.790704439,55.154815556,100.651963336
2014-11-24,127.400993333,19.469585557,120.244809998,46.779977775,0.046838866,0.060817775,66.268945561,61.132047781,19.469585557
2014-11-25,88.570745556,31.694804447,81.65392555,0.20516222,0.000316635,0.033856658,46.620085557,41.95066,31.694804447
2014-11-26,102.154207778,1.185245552,102.610053335,0.20852667,0.000357745,0.032689996,48.84113777,53.313070003,1.185245552
2014-11-27,111.612339997,3.837609996,109.211938889,7.232111109,0.007385524,0.038095552,54.976486667,56.635853333,3.837609996
2014-11-28,145.196706668,64.626252218,173.040981113,46.113508886,0.045931091,0.060504441,66.60123111,78.595475557,64.626252218
2014-11-29,154.536845554,110.919455561,194.035803332,47.651286663,0.047721097,0.061398892,63.763114443,90.773731111,110.919455561
2014-11-30,97.545384449,66.941114445,123.768734442,0.21109777,0.000386639,0.032368891,51.289317778,46.256066669,66.941114445
2014-12-01,139.447433335,87.69215332899999,187.192637776,44.081019999,0.043987756,0.059577774,74.421288894,65.026144438,87.69215332899999
2014-12-02,133.686988891,53.472883329,153.181961113,36.437995557,0.036569977,0.054162223,66.584860002,67.102128889,53.472883329
2014-12-03,148.37154333,17.547650007,140.522697782,47.832697776,0.047812199,0.060888881,75.884581112,72.486962219,17.547650007
2014-12-04,138.757911112,111.058011112,207.416144447,46.622802224,0.046637759,0.061067776,67.591735556,71.166175554,111.058011112
2014-12-05,152.314428893,93.60068222,194.971524443,47.611142227,0.047591101999999996,0.061282225,73.353456674,78.960972221,93.60068222
2014-12-06,117.72990222199999,8.162158889,110.770472224,0.210886662,0.000383304,0.032528886,57.911753336,59.81814889,8.162158889
2014-12-07,139.598333334,129.628882223,228.932299997,45.878426667,0.04607443,0.05956,65.516466667,74.081866669,129.628882223
2014-12-08,165.801466663,26.777657780000002,156.276031114,45.925311112,0.045926671,0.059063333,71.70632778,94.095138888,26.777657780000002
2014-12-09,119.446004447,2.551900001,118.231742219,0.207524449,0.000449989,0.031806672,59.423428889,60.022575553,2.551900001
2014-12-10,129.433334447,8.217966667,123.877174444,32.969004442,0.033202218,0.052583332,64.318328889,65.11500555800001,8.217966667
2014-12-11,100.698485554,6.067184441,95.808374445,13.282113332,0.013527762,0.039811111,53.533745557,47.16474,6.067184441
2014-12-12,150.653536669,62.087042222,169.502449997,46.48101778,0.046602226,0.059966669,74.389488888,76.264047777,62.087042222
2014-12-13,148.168065552,145.198631117,181.490016668,26.425888892,0.026537761,0.047766668,74.217846666,73.950218892,145.198631117
2014-12-14,116.297342223,83.714377773,137.602320004,0.212453336,0.0004511,0.032785554,51.544255552,64.753086666,83.714377773
2014-12-15,112.71017222,127.33415666799999,194.108264442,0.204455557,0.000425535,0.033075558,58.557461114,54.152711108,127.33415666799999
2014-12-16,141.541396665,12.385505552,130.302166667,37.04785333,0.037237762,0.055381113,74.949183332,66.592213337,12.385505552
2014-12-17,165.172157774,37.567364445,170.865137779,55.876033332,0.055946643,0.06559555,85.99751555,79.174642224,37.567364445
2014-12-18,156.608192225,32.55682,144.666070001,45.975915554,0.04603553,0.060021112,77.04939,79.558802224,32.55682
2014-12-19,148.040079998,19.610324443,138.671962225,46.521251112,0.046539976,0.061010002,69.27129333399999,78.768786666,19.610324443
2014-12-20,105.860718889,39.158363335,98.462828889,0.212531109,0.000408866,0.032405557,51.614964445,54.245754446,39.158363335
2014-12-21,114.450384446,4.615743336,111.076107779,10.389791107,0.010571084,0.03827111,58.308152221,56.142232226,4.615743336
2014-12-22,162.016913332,29.113452224,156.760078886,45.996548889,0.04603665,0.059915559,82.73403444,79.282878892,29.113452224
2014-12-23,137.417967773,7.783029997,131.995706662,46.435191109,0.04647553,0.060553338,66.568005553,70.849962223,7.783029997
2014-12-24,120.397191109,5.193794443,116.392658892,0.21022889,0.00041108700000000003,0.034003323,68.57735333,51.819837778,5.193794443
2014-12-25,97.330439998,63.660864441,133.722833338,1.536371111,0.001787761,0.036294443,56.978369998,40.352069998,63.660864441
2014-12-26,118.225492223,139.529454446,199.359088891,13.306331111999999,0.013528871999999999,0.039534443,65.693556668,52.531935555,139.529454446
2014-12-27,100.746321111,128.598503331,182.870004446,0.210371112,0.000421092,0.032812222,47.46021222,53.286108892,128.598503331
2014-12-28,108.023754445,16.207515555,95.957256662,0.209153333,0.000352191,0.033518893,55.423032225,52.600722224,16.207515555
2014-12-29,147.558165551,78.142000002,180.563636666,45.72344,0.04571109,0.060788895,70.318603332,77.239562225,78.142000002
2014-12-30,158.281354444,120.337432222,216.544997783,45.829879998,0.045862209,0.060128891,72.994057778,85.28729667100001,120.337432222
2014-12-31,161.05077,127.46051778,245.530561113,45.147124444,0.045231111,0.059919997,68.785671113,92.26509889,127.46051778
